{
  "timestamp": "2026-01-15T17:46:14.076391",
  "model_path": "models/validated_regularized/medium/hv_regularized_model.pkl",
  "data_path": "datasets/exported_training_data_fixed.csv",
  "sample_count": 2249,
  "metrics": {
    "r2": 0.8005027849321614,
    "mae": 114.56543036596995,
    "rmse": 156.29139950895953
  },
  "residual_stats": {
    "mean": -0.7614059210777707,
    "std": 156.32430286906302,
    "min": -1109.291259765625,
    "max": 728.1336669921875
  },
  "high_error_analysis": {
    "threshold": 318.65270996093733,
    "count": 113,
    "percentage": 5.024455313472655,
    "indices": [
      22,
      33,
      36,
      38,
      65,
      79,
      80,
      105,
      153,
      194,
      197,
      204,
      226,
      227,
      228,
      304,
      319,
      359,
      379,
      383
    ]
  },
  "outliers": {
    "count": 26,
    "percentage": 1.1560693641618496,
    "indices": [
      79,
      80,
      153,
      194,
      197,
      389,
      542,
      612,
      726,
      740,
      832,
      902,
      927,
      992,
      1343,
      1481,
      1483,
      1484,
      1742,
      1781,
      1821,
      1900,
      2071,
      2074,
      2100,
      2206
    ]
  }
}